target,horizon,model,score_first,rmse_rel_first,crps_rel_first,rank_first,failure_count_first,success_share_first,score_revised,rmse_rel_revised,crps_rel_revised,rank_revised,failure_count_revised,success_share_revised,score_revision_shift,rank_shift,first_winner,revised_winner,winner_flipped
CPIAUCSL,1,arima,0.9132859629374127,0.9038455273768866,0.9274466162782019,1.0,0,1.0,0.9113695853800459,0.9023827697287123,0.9248498088570462,1.0,0,1.0,-0.001916377557366844,0.0,arima,arima,False
CPIAUCSL,1,autoreg,0.9293468564227934,0.9174187855788473,0.9472389626887127,2.0,0,1.0,0.9411704108885801,0.9312021166213068,0.95612285228949,2.0,0,1.0,0.011823554465786756,0.0,arima,arima,False
CPIAUCSL,1,bvar_niw,0.9613281800650881,0.9547675146717957,0.9711691781550269,3.0,0,1.0,0.9610508927733665,0.9545877375859092,0.9707456255545527,3.0,0,1.0,-0.00027728729172160627,0.0,arima,arima,False
CPIAUCSL,1,var,0.9649092195381608,0.9557231362338551,0.9786883444946193,4.0,0,1.0,0.967205055489654,0.9577131742408602,0.9814428773628447,4.0,0,1.0,0.002295835951493186,0.0,arima,arima,False
CPIAUCSL,1,naive_last,1.0,1.0,1.0,5.0,0,1.0,1.0,1.0,1.0,5.0,0,1.0,0.0,0.0,arima,arima,False
CPIAUCSL,1,naive_drift,1.0019565708525322,1.0019023637292628,1.0020378815374362,6.0,0,1.0,1.0020994924772668,1.0019553049517407,1.002315773765556,6.0,0,1.0,0.00014292162473461545,0.0,arima,arima,False
CPIAUCSL,1,dynamic_factor,1.003458314392933,1.0016764355952825,1.0061311325894087,7.0,0,1.0,1.0034504728061608,1.0017165902752476,1.0060512966025308,7.0,0,1.0,-7.841586772139308e-06,0.0,arima,arima,False
CPIAUCSL,1,state_space,1.0226147921368436,1.0170076187806174,1.0310255521711824,8.0,0,1.0,1.0270954868985016,1.0211440983087536,1.0360225697831231,8.0,0,1.0,0.004480694761658022,0.0,arima,arima,False
CPIAUCSL,1,ridge,1.3498011404048424,1.33848920491318,1.366769043642336,9.0,0,1.0,1.374801736700531,1.3657111291087958,1.388437648088134,9.0,0,1.0,0.025000596295688515,0.0,arima,arima,False
CPIAUCSL,1,elastic_net,1.412067327674908,1.3970166731466616,1.4346433094672781,10.0,0,1.0,1.4371528159700895,1.4240838262166375,1.4567563006002673,10.0,0,1.0,0.025085488295181424,0.0,arima,arima,False
CPIAUCSL,1,random_forest,1.8523495593446426,1.8247354597886742,1.8937707086785953,11.0,0,1.0,1.8724893075893605,1.8430333876856142,1.9166731874449798,11.0,0,1.0,0.02013974824471787,0.0,arima,arima,False
CPIAUCSL,1,hist_gradient_boosting,1.898186416711911,1.8571185765409812,1.9597881769683057,12.0,0,1.0,1.9130528280250765,1.8707916405220806,1.9764446092795702,12.0,0,1.0,0.014866411313165573,0.0,arima,arima,False
CPIAUCSL,1,mean,4.069939057304543,4.052533690468246,4.096047107558991,13.0,0,1.0,4.136525585663826,4.112147329755073,4.173092969526955,13.0,0,1.0,0.06658652835928258,0.0,arima,arima,False
CPIAUCSL,1,seasonal_naive,4.97047922867484,4.886059777380066,5.0971084056170035,14.0,0,1.0,5.036890448479284,4.943007711493243,5.177714553958345,14.0,0,1.0,0.06641121980444353,0.0,arima,arima,False
CPIAUCSL,3,dynamic_factor,0.9886613772454456,0.9873707396739592,0.9905973336026752,1.0,0,1.0,0.9887485170582284,0.9874800561810911,0.9906512083739345,1.0,0,1.0,8.713981278285488e-05,0.0,dynamic_factor,dynamic_factor,False
CPIAUCSL,3,arima,0.9995419836058002,0.991679910240093,1.0113350936543606,2.0,0,1.0,1.0002748011471971,0.992091545611616,1.0125496844505686,3.0,0,1.0,0.0007328175413969795,1.0,dynamic_factor,dynamic_factor,False
CPIAUCSL,3,naive_last,1.0,1.0,1.0,3.0,0,1.0,1.0,1.0,1.0,2.0,0,1.0,0.0,-1.0,dynamic_factor,dynamic_factor,False
CPIAUCSL,3,naive_drift,1.005872459696489,1.0057861473602683,1.0060019282008204,4.0,0,1.0,1.00600665449346,1.0058351753657528,1.006263873185021,4.0,0,1.0,0.0001341947969710766,0.0,dynamic_factor,dynamic_factor,False
CPIAUCSL,3,bvar_niw,1.0299969442971357,1.0222041179318186,1.0416861838451112,5.0,0,1.0,1.031598547178234,1.0233422407778947,1.0439830067787428,5.0,0,1.0,0.0016016028810983407,0.0,dynamic_factor,dynamic_factor,False
CPIAUCSL,3,state_space,1.0462152712940789,1.0429004188676456,1.051187549933729,6.0,0,1.0,1.0483746257273587,1.045132726453923,1.0532374746375128,6.0,0,1.0,0.0021593544332798587,0.0,dynamic_factor,dynamic_factor,False
CPIAUCSL,3,autoreg,1.0859174856443443,1.0712594072598833,1.1079046032210358,7.0,0,1.0,1.0934567979950685,1.078547671514952,1.1158204877152431,7.0,0,1.0,0.007539312350724137,0.0,dynamic_factor,dynamic_factor,False
CPIAUCSL,3,ridge,1.1256046835393279,1.114848062153202,1.141739615618517,8.0,0,1.0,1.1441690325139517,1.132804072545301,1.1612164724669283,8.0,0,1.0,0.01856434897462389,0.0,dynamic_factor,dynamic_factor,False
CPIAUCSL,3,elastic_net,1.137995845044565,1.1277952150658925,1.1532967900125737,9.0,0,1.0,1.1547474957662578,1.1443695706026522,1.1703143835116663,9.0,0,1.0,0.016751650721692712,0.0,dynamic_factor,dynamic_factor,False
CPIAUCSL,3,var,1.3365407888342258,1.4399045644198214,1.1814951254558324,10.0,0,1.0,1.3416448105651941,1.4455439117942406,1.1857961587216246,10.0,0,1.0,0.0051040217309683555,0.0,dynamic_factor,dynamic_factor,False
CPIAUCSL,3,hist_gradient_boosting,1.375592087770734,1.3282875410562442,1.446548907842468,11.0,0,1.0,1.3744554532604865,1.3263960552315228,1.446544550303932,11.0,0,1.0,-0.0011366345102474806,0.0,dynamic_factor,dynamic_factor,False
CPIAUCSL,3,random_forest,1.4031571476543963,1.3690301176737496,1.4543476926253662,12.0,0,1.0,1.4098138667855893,1.373836554374595,1.4637798354020808,12.0,0,1.0,0.006656719131193034,0.0,dynamic_factor,dynamic_factor,False
CPIAUCSL,3,mean,1.8486569940574349,1.8342224939677407,1.8703087441919761,13.0,0,1.0,1.8574600065296456,1.8398442842639955,1.8838835899281208,13.0,0,1.0,0.008803012472210714,0.0,dynamic_factor,dynamic_factor,False
CPIAUCSL,3,seasonal_naive,2.2462764228471648,2.200449791567772,2.315016369766254,14.0,0,1.0,2.2499721159933204,2.2003198434619478,2.3244505247903793,14.0,0,1.0,0.0036956931461555875,0.0,dynamic_factor,dynamic_factor,False
CPIAUCSL,6,dynamic_factor,0.9795146426277288,0.9831321260293536,0.9740884175252916,1.0,0,1.0,0.9797926466080813,0.983461105462392,0.9742899583266152,1.0,0,1.0,0.0002780039803524925,0.0,dynamic_factor,dynamic_factor,False
CPIAUCSL,6,naive_last,1.0,1.0,1.0,2.0,0,1.0,1.0,1.0,1.0,2.0,0,1.0,0.0,0.0,dynamic_factor,dynamic_factor,False
CPIAUCSL,6,naive_drift,1.0113519350017568,1.0112938754203313,1.0114390243738947,3.0,0,1.0,1.0115051617936621,1.0113508677476413,1.0117366028626935,3.0,0,1.0,0.0001532267919053254,0.0,dynamic_factor,dynamic_factor,False
CPIAUCSL,6,arima,1.0163059199128746,1.0173064572082664,1.014805113969787,4.0,0,1.0,1.0175072157715261,1.0182146070147857,1.0164461289066369,4.0,0,1.0,0.0012012958586515854,0.0,dynamic_factor,dynamic_factor,False
CPIAUCSL,6,bvar_niw,1.0256487874067122,1.027637828305079,1.0226652260591618,5.0,0,1.0,1.0257215847456749,1.0272509099642815,1.0234275969177649,5.0,0,1.0,7.279733896270457e-05,0.0,dynamic_factor,dynamic_factor,False
CPIAUCSL,6,state_space,1.1009397611227145,1.1035683243239651,1.0969969163208388,6.0,0,1.0,1.1033609374460727,1.1058664553095419,1.0996026606508684,6.0,0,1.0,0.002421176323358143,0.0,dynamic_factor,dynamic_factor,False
CPIAUCSL,6,autoreg,1.102990056662731,1.1002567223059103,1.1070900581979621,7.0,0,1.0,1.1047422227142545,1.102014879673829,1.1088332372748926,7.0,0,1.0,0.001752166051523396,0.0,dynamic_factor,dynamic_factor,False
CPIAUCSL,6,hist_gradient_boosting,1.1351261797120382,1.120419294622998,1.157186507345599,8.0,0,1.0,1.1344294204586054,1.1194541541839704,1.156892319870558,8.0,0,1.0,-0.0006967592534328215,0.0,dynamic_factor,dynamic_factor,False
CPIAUCSL,6,elastic_net,1.1653063618267656,1.1556424451687153,1.1798022368138412,9.0,0,1.0,1.1728253228919083,1.162702242230917,1.1880099438833958,9.0,0,1.0,0.007518961065142715,0.0,dynamic_factor,dynamic_factor,False
CPIAUCSL,6,ridge,1.1749451381237277,1.158987262923908,1.1988819509234572,10.0,0,1.0,1.1832938895168978,1.1668385677226059,1.207976872208336,10.0,0,1.0,0.00834875139317015,0.0,dynamic_factor,dynamic_factor,False
CPIAUCSL,6,mean,1.236866632071216,1.2422277798579169,1.2288249103911648,11.0,0,1.0,1.2398753587716191,1.2438075154804669,1.233977123708348,11.0,0,1.0,0.003008726700403086,0.0,dynamic_factor,dynamic_factor,False
CPIAUCSL,6,random_forest,1.2585550453284573,1.2500025257374594,1.2713838247149538,12.0,0,1.0,1.2621373247201837,1.2528033788638446,1.2761382435046922,12.0,0,1.0,0.003582279391726395,0.0,dynamic_factor,dynamic_factor,False
CPIAUCSL,6,seasonal_naive,1.4942775928449645,1.4817779023163222,1.513027128637928,13.0,0,1.0,1.4931588290903832,1.479017612196005,1.5143706544319502,13.0,0,1.0,-0.001118763754581309,0.0,dynamic_factor,dynamic_factor,False
CPIAUCSL,6,var,3.9058905307932217,5.304862133828461,1.807433126240363,14.0,0,1.0,3.9193244481707983,5.3218088195340405,1.8155978911259347,14.0,0,1.0,0.013433917377576599,0.0,dynamic_factor,dynamic_factor,False
CPIAUCSL,12,mean,0.8402677861355731,0.8487237550184134,0.8275838328113128,1.0,0,1.0,0.8432831309645632,0.8516715734978089,0.8307004671646948,1.0,0,1.0,0.0030153448289901297,0.0,mean,mean,False
CPIAUCSL,12,bvar_niw,0.8982267500485688,0.914248577639774,0.8741940086617612,2.0,0,1.0,0.8989874618513501,0.915151010823436,0.8747421383932213,2.0,0,1.0,0.0007607118027813664,0.0,mean,mean,False
CPIAUCSL,12,hist_gradient_boosting,0.9008018936033617,0.9110536470812106,0.8854242633865882,3.0,0,1.0,0.9037792844172504,0.9142126942615165,0.8881291696508513,3.0,0,1.0,0.002977390813888703,0.0,mean,mean,False
CPIAUCSL,12,arima,0.9257857505338725,0.943854207880118,0.8986830645145042,4.0,0,1.0,0.925361964508054,0.943368326698371,0.8983524212225785,4.0,0,1.0,-0.00042378602581849556,0.0,mean,mean,False
CPIAUCSL,12,dynamic_factor,0.9370483378749082,0.9429204328515096,0.9282401954100061,5.0,0,1.0,0.9371845096124144,0.9432394491885634,0.9281021002481908,5.0,0,1.0,0.000136171737506241,0.0,mean,mean,False
CPIAUCSL,12,random_forest,0.9719957280968777,0.9716946453775939,0.9724473521758036,6.0,0,1.0,0.9736708886715885,0.9741082836316538,0.9730147962314906,6.0,0,1.0,0.0016751605747107323,0.0,mean,mean,False
CPIAUCSL,12,autoreg,0.9800249253938994,0.9923370065290882,0.9615568036911162,7.0,0,1.0,0.9813272068544358,0.9937272224676807,0.9627271834345682,7.0,0,1.0,0.0013022814605363475,0.0,mean,mean,False
CPIAUCSL,12,naive_last,1.0,1.0,1.0,8.0,0,1.0,1.0,1.0,1.0,8.0,0,1.0,0.0,0.0,mean,mean,False
CPIAUCSL,12,seasonal_naive,1.0019075798889192,1.0,1.0047689497222982,9.0,0,1.0,1.0019465425518082,1.0,1.0048663563795202,9.0,0,1.0,3.896266288894168e-05,0.0,mean,mean,False
CPIAUCSL,12,naive_drift,1.023671054808263,1.022439984274743,1.025517660608543,10.0,0,1.0,1.0237896048095214,1.0225095537416726,1.0257096814112943,10.0,0,1.0,0.00011855000125837734,0.0,mean,mean,False
CPIAUCSL,12,elastic_net,1.041568438247922,1.0410410025400803,1.0423595918096846,11.0,0,1.0,1.046773568643208,1.0469306500787847,1.0465379464898428,11.0,0,1.0,0.005205130395286028,0.0,mean,mean,False
CPIAUCSL,12,ridge,1.1002365703979924,1.0968332131340512,1.1053416062939043,12.0,0,1.0,1.1050816907457481,1.1026504610246681,1.1087285353273681,12.0,0,1.0,0.004845120347755749,0.0,mean,mean,False
CPIAUCSL,12,state_space,1.2135217117362878,1.2224378291883238,1.2001475355582338,13.0,0,1.0,1.211293018376554,1.2200232147444916,1.1981977238246477,13.0,0,1.0,-0.0022286933597337466,0.0,mean,mean,False
CPIAUCSL,12,var,109.14129739044355,162.1251165200702,29.665568696003586,14.0,0,1.0,109.67885017561267,162.95177803797753,29.769458382065366,14.0,0,1.0,0.5375527851691118,0.0,mean,mean,False
INDPRO,1,dynamic_factor,0.9835830776581003,0.9827260207682246,0.9848686629929135,1.0,8,0.9672131147540983,0.9795491215961372,0.9824363313679378,0.975218306938436,3.0,8,0.9672131147540983,-0.0040339560619631065,2.0,dynamic_factor,autoreg,True
INDPRO,1,autoreg,0.9844299511115169,0.9856678927036279,0.9825730387233506,2.0,0,1.0,0.948869282804086,0.9468372352823978,0.9519173540866183,1.0,0,1.0,-0.035560668307430876,-1.0,dynamic_factor,autoreg,True
INDPRO,1,bvar_niw,0.9913565249061171,0.9923862536890258,0.989811931731754,3.0,0,1.0,0.9803063393328058,0.981860129812577,0.9779756536131488,4.0,0,1.0,-0.011050185573311389,1.0,dynamic_factor,autoreg,True
INDPRO,1,arima,0.9920843518871579,0.9932642691080642,0.9903144760557985,4.0,0,1.0,0.9669230151314236,0.963674668536918,0.971795535023182,2.0,0,1.0,-0.025161336755734287,-2.0,dynamic_factor,autoreg,True
INDPRO,1,ridge,0.9956875067161086,1.000247685017276,0.9888472392643575,5.0,0,1.0,1.1530574823762834,1.1555523515968849,1.1493151785453812,8.0,0,1.0,0.15736997566017474,3.0,dynamic_factor,autoreg,True
INDPRO,1,hist_gradient_boosting,0.9970824920738559,0.9924977430234401,1.0039596156494799,6.0,0,1.0,1.231043138701563,1.2540357345617013,1.1965542449113555,11.0,0,1.0,0.2339606466277071,5.0,dynamic_factor,autoreg,True
INDPRO,1,naive_last,1.0,1.0,1.0,7.0,0,1.0,1.0,1.0,1.0,5.0,0,1.0,0.0,-2.0,dynamic_factor,autoreg,True
INDPRO,1,naive_drift,1.002480927305638,1.0024714004946584,1.0024952175221076,8.0,0,1.0,1.002649211653041,1.0021472126062536,1.0034022102232218,6.0,0,1.0,0.00016828434740290277,-2.0,dynamic_factor,autoreg,True
INDPRO,1,elastic_net,1.0042019648200622,1.0101412937584364,0.995292971412501,9.0,0,1.0,1.1608073275082091,1.1670921407841286,1.1513801075943302,9.0,0,1.0,0.15660536268814695,0.0,dynamic_factor,autoreg,True
INDPRO,1,random_forest,1.0214473945371125,1.0151898453184915,1.030833718365044,10.0,0,1.0,1.2672504847619774,1.303432418839841,1.2129775836451824,12.0,0,1.0,0.2458030902248649,2.0,dynamic_factor,autoreg,True
INDPRO,1,state_space,1.0305024685225104,1.033728039104177,1.0256641126500101,11.0,0,1.0,1.0037522734968882,1.0092842379206268,0.9954543268612803,7.0,0,1.0,-0.026750195025622148,-4.0,dynamic_factor,autoreg,True
INDPRO,1,var,1.0772982534917208,1.1090645301373678,1.02964883852325,12.0,0,1.0,1.1793029277764795,1.2630487746868733,1.0536841574108884,10.0,0,1.0,0.10200467428475868,-2.0,dynamic_factor,autoreg,True
INDPRO,1,mean,1.2562943906986916,1.2373585440434527,1.2846981606815504,13.0,0,1.0,2.030044594041717,2.0504150911990138,1.9994888483057713,13.0,0,1.0,0.7737502033430252,0.0,dynamic_factor,autoreg,True
INDPRO,1,seasonal_naive,1.5149589836279338,1.5000795609439395,1.5372781176539252,14.0,0,1.0,2.85657209432074,2.8686304876728634,2.838484504292555,14.0,0,1.0,1.3416131106928062,0.0,dynamic_factor,autoreg,True
INDPRO,3,random_forest,0.8853746053083331,0.878179933666343,0.8961666127713183,1.0,0,1.0,1.1007325717541427,1.0983848374992695,1.1042541731364528,10.0,0,1.0,0.21535796644580962,9.0,random_forest,autoreg,True
INDPRO,3,hist_gradient_boosting,0.8948228675551171,0.8875976986726658,0.9056606208787938,2.0,0,1.0,1.0071217564789425,1.0075341004520968,1.0065032405192111,7.0,0,1.0,0.11229888892382545,5.0,random_forest,autoreg,True
INDPRO,3,dynamic_factor,0.9585670783413509,0.9577652986425361,0.9597697478895729,3.0,8,0.9669421487603306,0.9622563364635554,0.9660574398654651,0.9565546813606906,3.0,8,0.9669421487603306,0.003689258122204442,0.0,random_forest,autoreg,True
INDPRO,3,bvar_niw,0.9635482852452821,0.9667027070017595,0.9588166526105659,4.0,0,1.0,0.9466818851741432,0.9519885766266232,0.9387218479954231,2.0,0,1.0,-0.01686640007113893,-2.0,random_forest,autoreg,True
INDPRO,3,arima,0.9900659763130014,0.9976866394299921,0.9786349816375153,5.0,0,1.0,0.9842263280269057,0.9996198491848244,0.9611360462900277,4.0,0,1.0,-0.005839648286095733,-1.0,random_forest,autoreg,True
INDPRO,3,autoreg,0.9961155788186247,1.0035214053521784,0.9850068390182943,6.0,0,1.0,0.9348621334920637,0.9475451037481003,0.9158376781080089,1.0,0,1.0,-0.06125344532656096,-5.0,random_forest,autoreg,True
INDPRO,3,ridge,0.9999853724673797,1.0077736236042172,0.9883029957621235,7.0,0,1.0,1.0533825682292464,1.0360300000618519,1.079411420480338,8.0,0,1.0,0.053397195761866634,1.0,random_forest,autoreg,True
INDPRO,3,naive_last,1.0,1.0,1.0,8.0,0,1.0,1.0,1.0,1.0,5.0,0,1.0,0.0,-3.0,random_forest,autoreg,True
INDPRO,3,elastic_net,1.0047674082678295,1.0134223049398707,0.9917850632597679,9.0,0,1.0,1.0549598054832994,1.0371384988775285,1.0816917653919556,9.0,0,1.0,0.050192397215469864,0.0,random_forest,autoreg,True
INDPRO,3,naive_drift,1.0070742529938226,1.0068372279471127,1.0074297905638872,10.0,0,1.0,1.0065772650401716,1.0055829626595223,1.0080687186111454,6.0,0,1.0,-0.0004969879536509403,-4.0,random_forest,autoreg,True
INDPRO,3,mean,1.081578294267779,1.0733400209238448,1.0939357042836804,11.0,0,1.0,1.2960745376928757,1.2860394936623392,1.3111271037386807,12.0,0,1.0,0.21449624342509677,1.0,random_forest,autoreg,True
INDPRO,3,state_space,1.1330489438385036,1.1580521721702104,1.0955441013409437,12.0,0,1.0,1.1031521560404425,1.1418874954697786,1.0450491468964378,11.0,0,1.0,-0.029896787798061153,-1.0,random_forest,autoreg,True
INDPRO,3,seasonal_naive,1.3108876473092932,1.3068788387621677,1.3169008601299814,13.0,0,1.0,1.8207669340464268,1.7968479888719129,1.8566453518081973,13.0,0,1.0,0.5098792867371336,0.0,random_forest,autoreg,True
INDPRO,3,var,3.1071855206130796,4.100536760221842,1.6171586611999365,14.0,0,1.0,3.7572047706236273,5.0534257658793065,1.812873277740109,14.0,0,1.0,0.6500192500105477,0.0,random_forest,autoreg,True
INDPRO,6,dynamic_factor,0.9356331281682253,0.9344908753335138,0.9373465074202925,1.0,8,0.9665271966527197,0.9490027711805358,0.9539931365683784,0.9415172230987721,3.0,8,0.9665271966527197,0.013369643012310473,2.0,dynamic_factor,autoreg,True
INDPRO,6,mean,0.9357789545990023,0.935820935004231,0.935715983991159,2.0,0,1.0,0.9859145141281578,0.9890645722449625,0.981189426952951,6.0,0,1.0,0.05013555952915549,4.0,dynamic_factor,autoreg,True
INDPRO,6,bvar_niw,0.9429730346577998,0.9472217563833649,0.9365999520694521,3.0,0,1.0,0.9242148411524767,0.9292735478711568,0.9166267810744564,2.0,0,1.0,-0.01875819350532315,-1.0,dynamic_factor,autoreg,True
INDPRO,6,hist_gradient_boosting,0.9688669234272277,0.950939954634029,0.9957573766170258,4.0,0,1.0,0.9597780827347253,0.9582958196415432,0.9620014773744987,4.0,0,1.0,-0.009088840692502376,0.0,dynamic_factor,autoreg,True
INDPRO,6,autoreg,0.9760572771600504,0.9836947273389208,0.9646011018917447,5.0,0,1.0,0.886707381299269,0.8959212180597432,0.8728866261585577,1.0,0,1.0,-0.08934989586078146,-4.0,dynamic_factor,autoreg,True
INDPRO,6,arima,0.9831463563241252,0.9902907034210678,0.9724298356787112,6.0,0,1.0,0.971013065355188,0.9821256536017849,0.9543441829852928,5.0,0,1.0,-0.012133290968937116,-1.0,dynamic_factor,autoreg,True
INDPRO,6,random_forest,0.9865578763484542,0.9803136370202179,0.9959242353408085,7.0,0,1.0,1.0067412686657276,1.0115287161856483,0.9995600973858465,8.0,0,1.0,0.020183392317273396,1.0,dynamic_factor,autoreg,True
INDPRO,6,naive_last,1.0,1.0,1.0,8.0,0,1.0,1.0,1.0,1.0,7.0,0,1.0,0.0,-1.0,dynamic_factor,autoreg,True
INDPRO,6,naive_drift,1.013800824422091,1.0131659048232995,1.0147532038202787,9.0,0,1.0,1.0125490419226977,1.0114275441129308,1.014231288637348,9.0,0,1.0,-0.0012517824993933946,0.0,dynamic_factor,autoreg,True
INDPRO,6,ridge,1.0625823178936782,1.0401016052430483,1.0963033868696233,10.0,0,1.0,1.077259640202032,1.0451241376052156,1.1254628940972566,10.0,0,1.0,0.014677322308353835,0.0,dynamic_factor,autoreg,True
INDPRO,6,elastic_net,1.0652115915367941,1.0439540712550204,1.0970978719594549,11.0,0,1.0,1.0852963992270268,1.0529723809969416,1.1337824265721546,11.0,0,1.0,0.020084807690232687,0.0,dynamic_factor,autoreg,True
INDPRO,6,seasonal_naive,1.1412347020218392,1.146942298008333,1.1326733080420985,12.0,0,1.0,1.3816456282292715,1.3816120061156694,1.3816960613996747,13.0,0,1.0,0.24041092620743232,1.0,dynamic_factor,autoreg,True
INDPRO,6,state_space,1.3476734376273258,1.397003445928895,1.2736784251749724,13.0,0,1.0,1.2606517595866578,1.3124254170088758,1.1829912734533303,12.0,0,1.0,-0.08702167804066807,-1.0,dynamic_factor,autoreg,True
INDPRO,6,var,33.76312636436701,49.253545750422674,10.52749728528351,14.0,0,1.0,36.32416190488935,52.94700395843497,11.389898824570922,14.0,0,1.0,2.56103554052234,0.0,dynamic_factor,autoreg,True
INDPRO,12,mean,0.8223223710488888,0.814425542922197,0.8341676132389265,1.0,0,1.0,0.7188608130370175,0.7160953548414384,0.7230090003303862,1.0,0,1.0,-0.10346155801187129,0.0,mean,mean,False
INDPRO,12,bvar_niw,0.8947673572683705,0.9014589070566079,0.8847300325860145,2.0,0,1.0,0.883558980058683,0.8906891651592443,0.8728637024078411,3.0,0,1.0,-0.011208377209687481,1.0,mean,mean,False
INDPRO,12,dynamic_factor,0.9173081232036895,0.9209455610824799,0.9118519663855037,3.0,8,0.9659574468085106,0.9161553895345828,0.9226908573438163,0.9063521878207325,5.0,8,0.9659574468085106,-0.0011527336691067314,2.0,mean,mean,False
INDPRO,12,autoreg,0.974045026556966,0.9755520076511289,0.9717845549157215,4.0,0,1.0,0.8511719586815023,0.8631554275744422,0.8331967553420924,2.0,0,1.0,-0.1228730678754637,-2.0,mean,mean,False
INDPRO,12,arima,0.9779265984472528,0.9876133759021313,0.9633964322649351,5.0,0,1.0,0.9572361010871335,0.96586328350565,0.9442953274593587,7.0,0,1.0,-0.020690497360119298,2.0,mean,mean,False
INDPRO,12,naive_last,1.0,1.0,1.0,6.0,0,1.0,1.0,1.0,1.0,8.0,0,1.0,0.0,2.0,mean,mean,False
INDPRO,12,seasonal_naive,1.00335366816545,1.0,1.008384170413625,7.0,0,1.0,1.0032276194856924,1.0,1.0080690487142312,9.0,0,1.0,-0.0001260486797576288,2.0,mean,mean,False
INDPRO,12,random_forest,1.0187577501473297,0.9849342458407915,1.069493006607137,8.0,0,1.0,0.9049592889666214,0.8776186127640715,0.945970303270446,4.0,0,1.0,-0.11379846118070835,-4.0,mean,mean,False
INDPRO,12,naive_drift,1.026947394200424,1.025927368426277,1.0284774328616442,9.0,0,1.0,1.0237722688488367,1.0230918485983078,1.0247928992246296,10.0,0,1.0,-0.00317512535158726,1.0,mean,mean,False
INDPRO,12,hist_gradient_boosting,1.0471817878917822,1.0076426321902803,1.106490521444035,10.0,0,1.0,0.9433016523898273,0.9168870583694687,0.9829235434203654,6.0,0,1.0,-0.10388013550195485,-4.0,mean,mean,False
INDPRO,12,ridge,1.2794766629481118,1.2137262524012224,1.3781022787684456,11.0,0,1.0,1.26954157752066,1.2195462428215404,1.3445345795693395,11.0,0,1.0,-0.009935085427451806,0.0,mean,mean,False
INDPRO,12,elastic_net,1.2834787472773377,1.2200061383021157,1.3786876607401706,12.0,0,1.0,1.2780358426392335,1.2305012899928063,1.3493376716088745,12.0,0,1.0,-0.005442904638104151,0.0,mean,mean,False
INDPRO,12,state_space,1.9057943322705768,2.0057872607052363,1.7558049396185875,13.0,0,1.0,1.6633557997357358,1.7516454772647203,1.5309212834422592,13.0,0,1.0,-0.24243853253484104,0.0,mean,mean,False
INDPRO,12,var,5317.590076525817,7871.669548874147,1486.47086800332,14.0,0,1.0,4670.302218882634,6916.074918922372,1301.6431688230286,14.0,0,1.0,-647.2878576431822,0.0,mean,mean,False
UNRATE,1,dynamic_factor,0.9881633305494744,0.9898883511013151,0.9855757997217133,1.0,0,1.0,0.9876852476044264,0.9897110832009457,0.9846464942096476,1.0,0,1.0,-0.0004780829450479196,0.0,dynamic_factor,dynamic_factor,False
UNRATE,1,naive_last,1.0,1.0,1.0,2.0,0,1.0,1.0,1.0,1.0,2.0,0,1.0,0.0,0.0,dynamic_factor,dynamic_factor,False
UNRATE,1,naive_drift,1.0021015652652365,1.0013997418562113,1.0031543003787742,3.0,0,1.0,1.0025073741764015,1.0014896721036608,1.0040339272855123,3.0,0,1.0,0.0004058089111649288,0.0,dynamic_factor,dynamic_factor,False
UNRATE,1,bvar_niw,1.0295726881694125,1.018032382599906,1.0468831465236723,4.0,0,1.0,1.0283069115001853,1.0184616414127148,1.043074816631391,4.0,0,1.0,-0.0012657766692272254,0.0,dynamic_factor,dynamic_factor,False
UNRATE,1,arima,1.3421658720914345,1.380103300455102,1.285259729545933,5.0,0,1.0,1.333225667655058,1.3747068860554024,1.2710038400545418,6.0,0,1.0,-0.008940204436376442,1.0,dynamic_factor,dynamic_factor,False
UNRATE,1,ridge,1.3674946356126325,1.2896608257719167,1.4842453503737065,6.0,0,1.0,1.3312910147484125,1.2722065179408735,1.4199177599597212,5.0,0,1.0,-0.03620362086422002,-1.0,dynamic_factor,dynamic_factor,False
UNRATE,1,elastic_net,1.4190510477494689,1.342293366205304,1.5341875700657162,7.0,0,1.0,1.3874649327213886,1.3258149276750213,1.4799399402909394,7.0,0,1.0,-0.031586115028080286,0.0,dynamic_factor,dynamic_factor,False
UNRATE,1,state_space,1.426091848673562,1.473815614297942,1.3545062002369925,8.0,0,1.0,1.410873028380038,1.4657017356720539,1.328629967442014,8.0,0,1.0,-0.015218820293524171,0.0,dynamic_factor,dynamic_factor,False
UNRATE,1,hist_gradient_boosting,1.4440436876408544,1.2960529210600122,1.6660298375121176,9.0,0,1.0,1.416114821376532,1.2844519720310106,1.613609095394814,9.0,0,1.0,-0.02792886626432245,0.0,dynamic_factor,dynamic_factor,False
UNRATE,1,random_forest,1.579936988074966,1.4034912057726892,1.8446056615283815,10.0,0,1.0,1.5403804419968632,1.3856713668695173,1.772444054687882,10.0,0,1.0,-0.03955654607810288,0.0,dynamic_factor,dynamic_factor,False
UNRATE,1,autoreg,1.8245198020320412,1.813361809841476,1.841256790317889,11.0,0,1.0,1.7910347527825523,1.7933307081830552,1.7875908196817978,11.0,0,1.0,-0.03348504924948892,0.0,dynamic_factor,dynamic_factor,False
UNRATE,1,var,2.008764459081662,2.2519613879847076,1.6439690657270936,12.0,0,1.0,1.979363890185317,2.2283116031772936,1.605942320697352,12.0,0,1.0,-0.029400568896344792,0.0,dynamic_factor,dynamic_factor,False
UNRATE,1,seasonal_naive,3.55096724162982,2.676059683779591,4.863328578405163,13.0,0,1.0,3.4446535014233817,2.6410185455310913,4.650105935261816,13.0,0,1.0,-0.10631374020643847,0.0,dynamic_factor,dynamic_factor,False
UNRATE,1,mean,4.437914073479435,2.985418381663248,6.616657611203716,14.0,0,1.0,4.262948109022852,2.9290307755866833,6.263824109177105,14.0,0,1.0,-0.1749659644565833,0.0,dynamic_factor,dynamic_factor,False
UNRATE,3,dynamic_factor,0.9780694072209906,0.9764963181115028,0.9804290408852221,1.0,0,1.0,0.9777260355241097,0.976440478357509,0.9796543712740108,1.0,0,1.0,-0.00034337169688081204,0.0,dynamic_factor,dynamic_factor,False
UNRATE,3,naive_last,1.0,1.0,1.0,2.0,0,1.0,1.0,1.0,1.0,2.0,0,1.0,0.0,0.0,dynamic_factor,dynamic_factor,False
UNRATE,3,bvar_niw,1.0049579022720436,0.9935511704481511,1.0220680000078826,3.0,0,1.0,1.0070704539118696,0.9943058342874617,1.0262173833484811,4.0,0,1.0,0.0021125516398259325,1.0,dynamic_factor,dynamic_factor,False
UNRATE,3,naive_drift,1.0054708032826478,1.0042634372878814,1.0072818522747977,4.0,0,1.0,1.0058715537668874,1.0043649044389165,1.008131527758844,3.0,0,1.0,0.00040075048423959814,-1.0,dynamic_factor,dynamic_factor,False
UNRATE,3,elastic_net,1.165480363391658,1.1361569336315636,1.2094655080317995,5.0,0,1.0,1.1605747159203654,1.1334226193374333,1.2013028607947636,5.0,0,1.0,-0.004905647471292518,0.0,dynamic_factor,dynamic_factor,False
UNRATE,3,ridge,1.1954387688460977,1.1518395405668278,1.2608376112650026,6.0,0,1.0,1.1904458943747334,1.149511404856837,1.251847628651578,6.0,0,1.0,-0.004992874471364317,0.0,dynamic_factor,dynamic_factor,False
UNRATE,3,hist_gradient_boosting,1.2058188803230157,1.1090292108691646,1.3510033845037925,7.0,0,1.0,1.2062769023176942,1.108757790184067,1.3525555705181347,7.0,0,1.0,0.0004580219946785924,0.0,dynamic_factor,dynamic_factor,False
UNRATE,3,random_forest,1.404284079092801,1.2743021584808207,1.5992569600107716,8.0,0,1.0,1.402357576572345,1.2743561128172156,1.594359772205039,8.0,0,1.0,-0.0019265025204560082,0.0,dynamic_factor,dynamic_factor,False
UNRATE,3,arima,1.6717346892577931,1.8653362653169523,1.3813323251690546,9.0,0,1.0,1.6683329123153723,1.8621622709811803,1.3775888743166602,9.0,0,1.0,-0.003401776942420831,0.0,dynamic_factor,dynamic_factor,False
UNRATE,3,seasonal_naive,1.8470030679631209,1.5695934100745295,2.2631175547960076,10.0,0,1.0,1.844960236037291,1.5718404511959023,2.2546399132993744,10.0,0,1.0,-0.00204283192582988,0.0,dynamic_factor,dynamic_factor,False
UNRATE,3,state_space,1.9067468550602866,2.1604315729910657,1.526219778164118,11.0,0,1.0,1.8984314880482573,2.1554018099171093,1.5129760052449797,11.0,0,1.0,-0.008315367012029284,0.0,dynamic_factor,dynamic_factor,False
UNRATE,3,mean,2.2926202470326653,1.7642395023480129,3.085191364059644,12.0,0,1.0,2.2716985883005916,1.7566167734979174,3.0443213105046025,12.0,0,1.0,-0.020921658732073745,0.0,dynamic_factor,dynamic_factor,False
UNRATE,3,autoreg,2.690584701061027,3.051339881523645,2.1494519303670994,13.0,0,1.0,2.6759451477929144,3.0428026632776053,2.125658874565879,13.0,0,1.0,-0.014639553268112504,0.0,dynamic_factor,dynamic_factor,False
UNRATE,3,var,6.772128185416778,8.863857909766054,3.6345335988928658,14.0,0,1.0,6.744672492977719,8.842004597976164,3.5986743354800517,14.0,0,1.0,-0.027455692439059654,0.0,dynamic_factor,dynamic_factor,False
UNRATE,6,dynamic_factor,0.9673895363648926,0.962954956023442,0.9740414068770684,1.0,0,1.0,0.967604945939507,0.963341308245152,0.9740004024810394,1.0,0,1.0,0.00021540957461441135,0.0,dynamic_factor,dynamic_factor,False
UNRATE,6,elastic_net,0.9968207831079756,0.9820187534383962,1.019023827612345,2.0,0,1.0,0.996665433287825,0.9811300643937328,1.0199684866289631,2.0,0,1.0,-0.00015534982015064092,0.0,dynamic_factor,dynamic_factor,False
UNRATE,6,naive_last,1.0,1.0,1.0,3.0,0,1.0,1.0,1.0,1.0,3.0,0,1.0,0.0,0.0,dynamic_factor,dynamic_factor,False
UNRATE,6,naive_drift,1.010583283857721,1.0087948621237908,1.0132659164586157,4.0,0,1.0,1.010891938862315,1.0089347768423214,1.0138276818923058,4.0,0,1.0,0.0003086550045940939,0.0,dynamic_factor,dynamic_factor,False
UNRATE,6,bvar_niw,1.0202920314409154,1.0047917924244545,1.0435423899656069,5.0,0,1.0,1.0222797256399914,1.0063556510827145,1.0461658374759069,5.0,0,1.0,0.0019876941990759622,0.0,dynamic_factor,dynamic_factor,False
UNRATE,6,ridge,1.0746541576531763,1.048675201118941,1.1136225924545293,6.0,0,1.0,1.0731510907158692,1.0480804545394977,1.1107570449804267,6.0,0,1.0,-0.0015030669373070626,0.0,dynamic_factor,dynamic_factor,False
UNRATE,6,hist_gradient_boosting,1.11206882477488,1.0429027785801859,1.215817894066921,7.0,0,1.0,1.1134124561857697,1.0445223565605155,1.2167476056236508,7.0,0,1.0,0.0013436314108896674,0.0,dynamic_factor,dynamic_factor,False
UNRATE,6,seasonal_naive,1.3256221370373855,1.225416550045361,1.4759305175254225,8.0,0,1.0,1.3275636831007662,1.2286340274492988,1.475958166577967,8.0,0,1.0,0.0019415460633807058,0.0,dynamic_factor,dynamic_factor,False
UNRATE,6,random_forest,1.378656000978751,1.274497509938984,1.5348937375384015,9.0,0,1.0,1.377642507781864,1.2753450894367084,1.5310886352995974,9.0,0,1.0,-0.0010134931968870386,0.0,dynamic_factor,dynamic_factor,False
UNRATE,6,mean,1.6387472020963796,1.3910452073167474,2.010300194265828,10.0,0,1.0,1.6286180125820338,1.386658491927678,1.991557293563567,10.0,0,1.0,-0.010129189514345827,0.0,dynamic_factor,dynamic_factor,False
UNRATE,6,arima,2.0124480683987542,2.3920846443620123,1.4429932044538674,11.0,0,1.0,2.009749786991614,2.3897535182432907,1.4397441901140988,11.0,0,1.0,-0.002698281407140346,0.0,dynamic_factor,dynamic_factor,False
UNRATE,6,state_space,2.5464129746370032,3.1018338565108143,1.713281651826287,12.0,0,1.0,2.540552164112717,3.097658951489885,1.7048919830469649,12.0,0,1.0,-0.005860810524286109,0.0,dynamic_factor,dynamic_factor,False
UNRATE,6,autoreg,4.467502634832799,5.7640957039348715,2.522613031179692,13.0,0,1.0,4.456080591620049,5.75619079030219,2.505915293596838,13.0,0,1.0,-0.01142204321275031,0.0,dynamic_factor,dynamic_factor,False
UNRATE,6,var,50.88330272914474,71.60758287847437,19.796882505150286,14.0,0,1.0,50.76410790742959,71.51315988316767,19.64052994382247,14.0,0,1.0,-0.11919482171514773,0.0,dynamic_factor,dynamic_factor,False
UNRATE,12,dynamic_factor,0.9537121998780169,0.9483013184845528,0.9618285219682131,1.0,0,1.0,0.9535655298982444,0.9483289917243056,0.9614203371591526,1.0,0,1.0,-0.00014666997977252905,0.0,dynamic_factor,dynamic_factor,False
UNRATE,12,naive_last,1.0,1.0,1.0,2.0,0,1.0,1.0,1.0,1.0,2.0,0,1.0,0.0,0.0,dynamic_factor,dynamic_factor,False
UNRATE,12,seasonal_naive,1.0015637311680061,1.0,1.0039093279200153,3.0,0,1.0,1.0014350147369233,1.0,1.0035875368423084,3.0,0,1.0,-0.00012871643108280928,0.0,dynamic_factor,dynamic_factor,False
UNRATE,12,naive_drift,1.0211146947274463,1.018894192825694,1.0244454475800748,4.0,0,1.0,1.0213713123727755,1.019098609131655,1.024780367234456,4.0,0,1.0,0.000256617645329138,0.0,dynamic_factor,dynamic_factor,False
UNRATE,12,elastic_net,1.0481954546085244,1.0202410781060425,1.090127019362247,5.0,0,1.0,1.0469404165232805,1.0197771917401788,1.087685253697933,5.0,0,1.0,-0.0012550380852438536,0.0,dynamic_factor,dynamic_factor,False
UNRATE,12,bvar_niw,1.0636999563266225,1.0414014095948763,1.097147776424242,6.0,0,1.0,1.0646603388587739,1.0428356148591433,1.09739742485822,6.0,0,1.0,0.0009603825321513604,0.0,dynamic_factor,dynamic_factor,False
UNRATE,12,ridge,1.10107513045314,1.069154263895701,1.1489564302892985,7.0,0,1.0,1.098158006455707,1.0672173176689848,1.1445690396357906,7.0,0,1.0,-0.0029171239974330465,0.0,dynamic_factor,dynamic_factor,False
UNRATE,12,mean,1.2339010265663313,1.1487308015783604,1.3616563640482873,8.0,0,1.0,1.224530151617678,1.1420535322660033,1.34824508064519,8.0,0,1.0,-0.009370874948653185,0.0,dynamic_factor,dynamic_factor,False
UNRATE,12,random_forest,1.3159442567535384,1.218557775158784,1.4620239791456702,9.0,0,1.0,1.311780474650361,1.216566852362497,1.4546009080821565,9.0,0,1.0,-0.004163782103177471,0.0,dynamic_factor,dynamic_factor,False
UNRATE,12,hist_gradient_boosting,1.3216412357993879,1.2340298635617744,1.4530582941558081,10.0,0,1.0,1.318368351100692,1.2328410301021626,1.4466593325984862,10.0,0,1.0,-0.0032728846986957993,0.0,dynamic_factor,dynamic_factor,False
UNRATE,12,arima,2.3160889553474973,2.891259530849287,1.4533330920948124,11.0,0,1.0,2.308728577647266,2.88167536543181,1.4493083959704491,11.0,0,1.0,-0.007360377700231346,0.0,dynamic_factor,dynamic_factor,False
UNRATE,12,state_space,3.5864726779077656,4.652242763516144,1.9878175494951986,12.0,0,1.0,3.572935585384541,4.635623342475916,1.9789039497474792,12.0,0,1.0,-0.013537092523224548,0.0,dynamic_factor,dynamic_factor,False
UNRATE,12,autoreg,9.001797293883188,12.497373657983724,3.7584327477323867,13.0,0,1.0,8.96388864351946,12.450347594938746,3.734200216390533,13.0,0,1.0,-0.03790865036372715,0.0,dynamic_factor,dynamic_factor,False
UNRATE,12,var,3680.7466134524643,5396.523581478891,1107.0811614128243,14.0,0,1.0,3664.7188783309066,5375.929293679944,1097.9032553073516,14.0,0,1.0,-16.027735121557726,0.0,dynamic_factor,dynamic_factor,False
